{
  "0": {
    "Ind.": "AlCl",
    "Phase": "g",
    "T1": 298.15,
    "T2": 3000.0,
    "H(298)": -51032.0,
    "f": [
      318.9948,
      36.94626,
      -0.001226431,
      1.1881743,
      5.638541,
      -5.066135,
      5.219347
    ],
    "mu": 62.4345,
    "sigma": 3.58,
    "epsil": 932.0,
    "Comment": [
      1,
      2
    ]
  },
  "1": {
    "Ind.": "AlCl2",
    "Phase": "g",
    "T1": 298.15,
    "T2": 3000.0,
    "H(298)": -259000.0,
    "f": [
      427.2137,
      56.56409,
      -0.002961273,
      1.893842,
      12.40072,
      -22.65441,
      21.29898
    ],
    "mu": 97.8875,
    "sigma": 5.3,
    "epsil": 825.0,
    "Comment": [
      1,
      2,
      55
    ]
  },
  "2": {
    "Ind.": "AlCl3",
    "Phase": "g",
    "T1": 298.15,
    "T2": 3000.0,
    "H(298)": -584100.0,
    "f": [
      511.8114,
      81.15042,
      -0.004834879,
      2.752097,
      13.40078,
      -21.28001,
      16.92868
    ],
    "mu": 133.3405,
    "sigma": 5.13,
    "epsil": 472.0,
    "Comment": [
      1,
      2
    ]
  },
  "3": {
    "Ind.": "GaCl",
    "Phase": "g",
    "T1": 298.15,
    "T2": 3000.0,
    "H(298)": -70553.0,
    "f": [
      332.2718,
      37.11052,
      -0.000746187,
      1.1606512,
      4.891346,
      -4.467591,
      5.506236
    ],
    "mu": 105.173,
    "sigma": 3.696,
    "epsil": 348.20,
    "Comment": [
      1
    ]
  },
  "4": {
    "Ind.": "GaCl2",
    "Phase": "g",
    "T1": 298.15,
    "T2": 3000.0,
    "H(298)": -241238.0,
    "f": [
      443.2976,
      57.745845,
      -0.002265112,
      1.8755545,
      3.66186,
      -9.356338,
      15.88245
    ],
    "mu": 140.626,
    "sigma": 4.293,
    "epsil": 465.0,
    "Comment": [
      1
    ]
  },
  "5": {
    "Ind.": "GaCl3",
    "Phase": "g",
    "T1": 298.15,
    "T2": 3000.0,
    "H(298)": -431573.0,
    "f": [
      526.8113,
      82.03355,
      -0.003486473,
      2.6855923,
      8.278878,
      -14.5678,
      12.8899
    ],
    "mu": 176.080,
    "sigma": 5.034,
    "epsil": 548.240,
    "Comment": [
      1
    ]
  },
  "6": {
    "Ind.": "NH3",
    "Phase": "g",
    "T1": 298.15,
    "T2": 3000.0,
    "H(298)": -45940.0,
    "f": [
      231.1183,
      20.52222,
      0.000716251,
      0.7677236,
      244.6296,
      -251.69,
      146.6947
    ],
    "mu": 17.031,
    "sigma": 3.0,
    "epsil": 300.0,
    "Comment": [
      26,
      1
    ]
  },
  "7": {
    "Ind.": "H2",
    "Phase": "g",
    "T1": 298.15,
    "T2": 3000.0,
    "H(298)": 0.0,
    "f": [
      205.5368,
      29.50487,
      0.000168424,
      0.86065612,
      -14.95312,
      78.18955,
      -82.78981
    ],
    "mu": 2.016,
    "sigma": 2.93,
    "epsil": 34.10,
    "Comment": [
      4,
      1
    ]
  },
  "8": {
    "Ind.": "HCl",
    "Phase": "g",
    "T1": 298.15,
    "T2": 30000,
    "H(298)": -92310.0,
    "f": [
      243.9878,
      23.15984,
      0.001819985,
      0.6147384,
      51.16604,
      -36.89502,
      9.174252
    ],
    "mu": 36.461,
    "sigma": 2.737,
    "epsil": 167.10,
    "Comment": [
      1
    ]
  },
  "9": {
    "Ind.": "N2",
    "Phase": "g",
    "T1": 298.15,
    "T2": 3000.0,
    "H(298)": 0.0,
    "f": [
      242.8156,
      21.47467,
      0.001748786,
      0.5910039,
      81.08497,
      -103.6265,
      71.30775
    ],
    "mu": 28.0135,
    "sigma": 3.798,
    "epsil": 71.40,
    "Comment": [
      1
    ]
  },
  "10": {
    "Ind.": "Al",
    "Phase": "s",
    "T1": 298.15,
    "T2": 933.610,
    "H(298)": 0.0,
    "f": [
      172.8289,
      50.51806,
      -0.00411847,
      1.476107,
      -458.1279,
      2105.75,
      -4168.337
    ],
    "mu": 26.9815,
    "Comment": [
      1
    ]
  },
  "11": {
    "Ind.": "Ga",
    "Phase": "l",
    "T1": 302.92,
    "T2": 2000.0,
    "H(298)": 0.0,
    "f": [
      125.9597,
      26.03107,
      0.001178297,
      0.13976,
      -0.5698425,
      0.04723008,
      7.212525
    ],
    "mu": 69.723,
    "Comment": [
      1,
      100
    ]
  },
  "12": {
    "Ind.": "AlN",
    "Phase": "s",
    "T1": 298.15,
    "T2": 3000.0,
    "H(298)": -319000.0,
    "f": [
      123.1132,
      44.98092,
      -0.00734504,
      1.86107,
      31.39626,
      -49.92139,
      81.22038
    ],
    "mu": 40.988,
    "Comment": [
      2
    ]
  },
  "13": {
    "Ind.": "GaN",
    "Phase": "s",
    "T1": 298.15,
    "T2": 2000.0,
    "H(298)": -114000.0,
    "f": [
      160.2647,
      52.86351,
      -0.00799055,
      2.113389,
      1.313428,
      -2.441129,
      1.945731
    ],
    "mu": 83.730,
    "Comment": [
      2
    ]
  }
}
